{
  "Status": 0,
  "TC": false,
  "RD": true,
  "RA": true,
  "AD": false,
  "CD": false,
  "Question": [
    {
      "name": "apple.com.",
      "type": 1
    }
  ],
  "Answer": [
    {
      "name": "apple.com.",
      "type": 1,
      "TTL": 3599,
      "data": "17.178.96.59"
    },
    {
      "name": "apple.com.",
      "type": 1,
      "TTL": 3599,
      "data": "17.172.224.47"
    },
    {
      "name": "apple.com.",
      "type": 1,
      "TTL": 3599,
      "data": "17.142.160.59"
    }
  ],
  "Additional": [],
  "edns_client_subnet": "12.34.56.78/0"
}