{
    "0": {
        "value": "*.dll"
    },
    "1": {
        "value": "*.jpg",
        "tags": [
            "windows"
        ]
    },
    "2": {
        "value": "ID",
        "tags": [
            "scripts",
            "!darwin",
            "!js",
            "!windows"
        ]
    },
    "3": {
        "value": "OS",
        "tags": [
            "scripts"
        ]
    },
    "4": {
        "value": "PID",
        "tags": [
            "scripts"
        ]
    },
    "5": {
        "value": "PPID",
        "tags": [
            "scripts"
        ]
    },
    "6": {
        "value": "ADMIN",
        "tags": [
            "scripts"
        ]
    },
    "7": {
        "value": "HOSTNAME",
        "tags": [
            "scripts"
        ]
    },
    "8": {
        "value": "@SHELL@"
    },
    "9": {
        "value": "amazon.com\namazonaws.com\napple.com\naws.amazon.com\nbing.com\ndocs.google.com\nduckduckgo.com\nebay.com\nfacebook.com\ngithub.com\ngmail.com\ngoogle.com\nimages.google.com\nimg.t.co\ninstagram.com\nlinkedin.com\nlogin.live.com\nmaps.google.com\nmicrosoft.com\nmsn.com\noffice.com\noffice365.com\noutlook.com\noutlook.office.com\npaypal.com\nredd.it\nreddit.com\ns3.amazon.com\nsharepoint.com\nslack.com\nspotify.com\nt.co\ntwimg.com\ntwitch.tv\ntwitter.com\nupdate.windows.com\nwalmart.com\nwikipedia.org\nwindows.com\nxp.apple.com\nyahoo.com"
    },
    "10": {
        "value": "SYSTEMROOT",
        "tags": [
            "windows"
        ]
    },
    "11": {
        "value": "C:\\Windows\\System32",
        "tags": [
            "windows"
        ]
    },
    "12": {
        "value": "/proc/",
        "tags": [
            "!windows",
            "!js"
        ]
    },
    "13": {
        "value": "/status",
        "tags": [
            "!windows"
        ]
    },
    "14": {
        "value": "ip"
    },
    "15": {
        "value": "tcp"
    },
    "16": {
        "value": "udp"
    },
    "17": {
        "value": "unix"
    },
    "18": {
        "value": "pipe"
    },
    "19": {
        "value": "http"
    },
    "20": {
        "value": "D:PAI(A;;FA;;;WD)(A;;FA;;;SY)",
        "tags": [
            "windows"
        ]
    },
    "21": {
        "value": "connection timeout",
        "tags": [
            "windows"
        ]
    },
    "22": {
        "value": "empty connection",
        "tags": [
            "windows"
        ]
    },
    "23": {
        "value": "\\\\.\\pipe\\",
        "tags": [
            "windows"
        ]
    },
    "24": {
        "value": "0766",
        "tags": [
            "!windows"
        ]
    },
    "25": {
        "value": "/var/run/",
        "tags": [
            "!windows"
        ]
    },
    "26": {
        "value": "/tmp/",
        "tags": [
            "!windows"
        ]
    },
    "27": {
        "value": "User-Agent"
    },
    "28": {
        "value": "wc2"
    },
    "29": {
        "value": "Upgrade"
    },
    "30": {
        "value": "websocket"
    },
    "31": {
        "value": "Connection"
    },
    "32": {
        "value": "/bin/sh",
        "tags": [
            "!js",
            "!windows"
        ]
    },
    "33": {
        "value": "-c",
        "tags": [
            "!js",
            "!windows"
        ]
    },
    "34": {
        "value": "pwsh",
        "tags": [
            "!js",
            "!windows"
        ]
    },
    "35": {
        "value": "$HOME",
        "tags": [
            "!js",
            "!windows"
        ]
    },
    "36": {
        "value": "/proc/self/status",
        "tags": [
            "!js",
            "!windows"
        ]
    },
    "37": {
        "value": "/var/run/utmp",
        "tags": [
            "!js",
            "!windows"
        ]
    },
    "38": {
        "value": "/proc/self/mounts",
        "tags": [
            "!js",
            "!windows"
        ]
    },
    "39": {
        "value": "/etc/mtab",
        "tags": [
            "!js",
            "!windows"
        ]
    },
    "40": {
        "value": "/maps",
        "tags": [
            "!js",
            "!windows"
        ]
    },
    "41": {
        "value": "/mem",
        "tags": [
            "!js",
            "!windows"
        ]
    },
    "42": {
        "value": "/c",
        "tags": [
            "windows"
        ]
    },
    "43": {
        "value": "powershell.exe",
        "tags": [
            "windows"
        ]
    },
    "44": {
        "value": "%USERPROFILE%",
        "tags": [
            "windows"
        ]
    },
    "45": {
        "value": "hal.dll\nwmi.dll\nwpx.dll\nwdc.dll\nzipfldr.dll",
        "tags": [
            "windows"
        ]
    },
    "46": {
        "value": "ComSpec",
        "tags": [
            "windows"
        ]
    },
    "47": {
        "value": "WinDir",
        "tags": [
            "windows"
        ]
    },
    "48": {
        "value": "\\system32\\cmd.exe",
        "tags": [
            "windows"
        ]
    },
    "49": {
        "value": "%WinDir%\\system32\\cmd.exe",
        "tags": [
            "windows"
        ]
    },
    "50": {
        "value": "0.0.0.0"
    },
    "51": {
        "value": "Software\\Microsoft\\Cryptography",
        "tags": [
            "windows"
        ]
    },
    "52": {
        "value": "MachineGuid",
        "tags": [
            "windows"
        ]
    },
    "53": {
        "value": "Software\\Microsoft\\Windows NT\\CurrentVersion",
        "tags": [
            "windows"
        ]
    },
    "54": {
        "value": "ProductName",
        "tags": [
            "windows"
        ]
    },
    "55": {
        "value": "Windows",
        "tags": [
            "windows"
        ]
    },
    "56": {
        "value": "/usr/sbin/ioreg -rd1 -c IOPlatformExpertDevice",
        "tags": [
            "darwin",
            "ios"
        ]
    },
    "57": {
        "value": "IOPlatformUUID",
        "tags": [
            "darwin",
            "ios"
        ]
    },
    "58": {
        "value": "/usr/bin/sw_vers",
        "tags": [
            "darwin",
            "ios"
        ]
    },
    "59": {
        "value": "PRODUCTNAME",
        "tags": [
            "darwin",
            "ios"
        ]
    },
    "60": {
        "value": "BUILDVERSION",
        "tags": [
            "darwin",
            "ios"
        ]
    },
    "61": {
        "value": "PRODUCTVERSION",
        "tags": [
            "darwin",
            "ios"
        ]
    },
    "62": {
        "value": "MacOS",
        "tags": [
            "darwin",
            "ios"
        ]
    },
    "63": {
        "value": "/var/lib/dbus/machine-id",
        "tags": [
            "android",
            "linux"
        ]
    },
    "64": {
        "value": "/etc/machine-id",
        "tags": [
            "android",
            "linux"
        ]
    },
    "65": {
        "value": "PRETTY_NAME",
        "tags": [
            "!darwin",
            "!js",
            "!windows"
        ]
    },
    "66": {
        "value": "NAME",
        "tags": [
            "!darwin",
            "!js",
            "!windows"
        ]
    },
    "67": {
        "value": "VERSION_ID",
        "tags": [
            "!darwin",
            "!js",
            "!windows"
        ]
    },
    "68": {
        "value": "VERSION",
        "tags": [
            "!darwin",
            "!js",
            "!windows"
        ]
    },
    "69": {
        "value": "Linux",
        "tags": [
            "android",
            "linux"
        ]
    },
    "70": {
        "value": "lsattr -l sys0 -a os_uuid -E",
        "tags": [
            "!android",
            "!darwin",
            "!js",
            "!linux",
            "!plan9",
            "!windows"
        ]
    },
    "71": {
        "value": "sysctl -n hw.uuid",
        "tags": [
            "!android",
            "!darwin",
            "!js",
            "!linux",
            "!plan9",
            "!windows"
        ]
    },
    "72": {
        "value": "/etc/hostid",
        "tags": [
            "!android",
            "!darwin",
            "!js",
            "!linux",
            "!windows"
        ]
    },
    "73": {
        "value": "kenv -q smbios.system.uuid",
        "tags": [
            "!android",
            "!darwin",
            "!js",
            "!linux",
            "!windows"
        ]
    },
    "74": {
        "value": "freebsd-version -k",
        "tags": [
            "!android",
            "!darwin",
            "!js",
            "!linux",
            "!plan9",
            "!windows"
        ]
    },
    "75": {
        "value": "BSD",
        "tags": [
            "!android",
            "!darwin",
            "!js",
            "!linux",
            "!plan9",
            "!windows"
        ]
    },
    "76": {
        "value": "JavaScript",
        "tags": [
            "js"
        ]
    },
    "77": {
        "value": "framework-v6"
    },
    "78": {
        "value": "plan9",
        "tags": [
            "plan9"
        ]
    },
    "79": {
        "value": "/etc",
        "tags": [
            "!darwin",
            "!ios",
            "!js",
            "!windows"
        ]
    },
    "80": {
        "value": "*release*",
        "tags": [
            "!darwin",
            "!ios",
            "!js",
            "!windows"
        ]
    },
    "81": {
        "value": "SeDebugPrivilege",
        "tags": [
            "windows"
        ]
    },
    "82": {
        "value": "amsi.dll",
        "tags": [
            "windows"
        ]
    },
    "83": {
        "value": "ntdll.dll",
        "tags": [
            "windows"
        ]
    },
    "84": {
        "value": "gdi32.dll",
        "tags": [
            "windows"
        ]
    },
    "85": {
        "value": "user32.dll",
        "tags": [
            "windows"
        ]
    },
    "86": {
        "value": "winhttp.dll",
        "tags": [
            "windows"
        ]
    },
    "87": {
        "value": "DbgHelp.dll",
        "tags": [
            "windows"
        ]
    },
    "88": {
        "value": "advapi32.dll",
        "tags": [
            "windows"
        ]
    },
    "89": {
        "value": "wtsapi32.dll",
        "tags": [
            "windows"
        ]
    },
    "90": {
        "value": "kernel32.dll",
        "tags": [
            "windows"
        ]
    },
    "91": {
        "value": "kernelbase.dll",
        "tags": [
            "windows"
        ]
    },
    "92": {
        "value": "\\\\.\\mailslot\\",
        "tags": [
            "windows"
        ]
    },
    "93": {
        "value": "Global\\",
        "tags": [
            "windows"
        ]
    },
    "94": {
        "value": "localhost:"
    },
    "95": {
        "value": "*.so"
    },
    "96": {
        "value": "*.exe"
    },
    "97": {
        "value": "Mozilla/5.0 (Windows NT 10.0; Win64; x64) AppleWebKit/537.36 (KHTML, like Gecko) Chrome/100.0.4896.88 Safari/537.36"
    },
    "98": {
        "value": "abcdefghijklmnopqrstuvwxyzABCDEFGHIJKLMNOPQRSTUVWXYZ0123456789"
    },
    "99": {
        "value": "(\\%(\\d+f?)?[dhcsuln])",
        "tags": [
            "regexp"
        ]
    }
}